invoice_id,flagged,error_category,expected_total_cents,billed_total_cents,confidence
INV-H2-000001,0,,1562227,1562227,0.9
INV-H2-000002,0,,3209350,3209350,0.9
INV-H2-000003,0,,2215650,2215650,0.9
INV-H2-000004,0,,3434580,3434580,0.9
INV-H2-000005,0,,1887000,1887000,0.9
INV-H2-000006,0,,2905616,2905616,0.9
INV-H2-000007,0,REVIEW_BASIS|REVIEW_INVALID_DATE,,2120830,0.5
INV-H2-000008,0,,1117300,1117300,0.9
INV-H2-000009,0,REVIEW_BASIS,1703290,2109715,0.5
INV-H2-000010,0,REVIEW_BASIS,5014575,5027175,0.5
INV-H2-000011,0,,2230050,2230050,0.9
INV-H2-000012,0,,1365950,1365950,0.9
INV-H2-000013,1,INVALID_SERVICE_DATE,2810485,2748025,0.95
INV-H2-000014,0,REVIEW_SERVICE,,2026480,0.5
INV-H2-000015,0,REVIEW_BASIS,2858846,3265271,0.5
INV-H2-000016,1,INVOICE_TOTAL_MISMATCH,2384800,3222650,0.95
INV-H2-000017,0,REVIEW_SERVICE,,3403600,0.5
INV-H2-000018,0,REVIEW_BASIS,3408950,3343125,0.5
INV-H2-000019,0,REVIEW_SERVICE,,2170800,0.5
INV-H2-000020,0,,3676525,3676525,0.9
INV-H2-000021,0,REVIEW_BASIS,3170750,3182650,0.5
INV-H2-000022,0,REVIEW_SERVICE,,4508450,0.5
INV-H2-000023,0,REVIEW_BASIS|REVIEW_SERVICE,,2161250,0.5
INV-H2-000024,0,REVIEW_SERVICE,,4052564,0.5
INV-H2-000025,0,REVIEW_BASIS,2264275,2670700,0.5
INV-H2-000026,0,,2129225,2129225,0.9
INV-H2-000027,0,REVIEW_SERVICE,,4051625,0.5
INV-H2-000028,0,,3711681,3711681,0.9
INV-H2-000029,0,,2935775,2935775,0.9
INV-H2-000030,0,,1661900,1661900,0.9
INV-H2-000031,0,REVIEW_BASIS,999125,1033775,0.5
INV-H2-000032,0,REVIEW_BASIS|REVIEW_SERVICE,,3807325,0.5
INV-H2-000033,0,REVIEW_SERVICE,,2413432,0.5
INV-H2-000034,0,REVIEW_SERVICE,,3110520,0.5
INV-H2-000035,0,REVIEW_SERVICE,,1918666,0.5
INV-H2-000036,0,REVIEW_SERVICE,,1734643,0.5
INV-H2-000037,0,REVIEW_SERVICE,,851304,0.5
INV-H2-000038,0,REVIEW_BASIS,2426215,2530615,0.5
INV-H2-000039,0,,2742525,2742525,0.9
INV-H2-000040,0,REVIEW_BASIS,3335260,3317176,0.5
INV-H2-000041,0,REVIEW_SERVICE,,1416025,0.5
INV-H2-000042,0,REVIEW_BASIS,3109050,2648275,0.5
INV-H2-000043,0,,2887910,2887910,0.9
INV-H2-000044,0,REVIEW_SERVICE,,2090343,0.5
INV-H2-000045,0,REVIEW_BASIS,3458812,3341612,0.5
INV-H2-000046,0,REVIEW_BASIS|REVIEW_SERVICE,,3695616,0.5
INV-H2-000047,0,REVIEW_BASIS,8458950,2089808,0.5
INV-H2-000048,0,REVIEW_BASIS|REVIEW_SERVICE,,1148850,0.5
INV-H2-000049,0,,1738588,1738588,0.9
INV-H2-000050,0,,1662879,1662879,0.9
INV-H2-000051,0,REVIEW_BASIS,3135225,2608625,0.5
INV-H2-000052,0,REVIEW_SERVICE,,2851444,0.5
INV-H2-000053,0,REVIEW_BASIS,2370600,2370600,0.5
INV-H2-000054,1,DUPLICATE_INVOICE_ID,,2044169,0.95
INV-H2-000055,0,REVIEW_BASIS,4962797,2926577,0.5
INV-H2-000056,0,,1625475,1625475,0.9
INV-H2-000057,0,,3357612,3320487,0.9
INV-H2-000058,0,,3358850,3263975,0.9
INV-H2-000059,0,REVIEW_SERVICE,,1840438,0.5
INV-H2-000060,0,REVIEW_BASIS|REVIEW_SERVICE,,4650162,0.5
INV-H2-000061,0,,4652596,4636871,0.9
INV-H2-000062,0,,2906475,2715547,0.9
INV-H2-000063,0,REVIEW_BASIS,2079468,1962163,0.5
INV-H2-000064,0,,4805915,4804408,0.9
INV-H2-000065,0,REVIEW_SERVICE,,4090090,0.5
INV-H2-000066,0,,4551702,4551702,0.9
INV-H2-000067,0,REVIEW_SERVICE,,3986872,0.5
INV-H2-000068,0,,2635800,2625251,0.9
INV-H2-000069,0,REVIEW_SERVICE,,2863675,0.5
INV-H2-000070,0,REVIEW_SERVICE,,2364178,0.5
INV-H2-000071,0,REVIEW_BASIS,1209075,1194005,0.5
INV-H2-000072,1,OVERCHARGE,4185135,1542567,0.95
INV-H2-000073,0,REVIEW_BASIS,4665877,4659849,0.5
INV-H2-000074,0,REVIEW_BASIS|REVIEW_SERVICE,,4990685,0.5
INV-H2-000075,0,,2409213,2409213,0.9
INV-H2-000076,0,REVIEW_SERVICE,,2055003,0.5
INV-H2-000077,0,REVIEW_SERVICE,,965993,0.5
INV-H2-000078,1,DUPLICATE_INVOICE_ID,,2181731,0.95
INV-H2-000079,0,REVIEW_SERVICE,,858946,0.5
INV-H2-000080,0,REVIEW_SERVICE,,884256,0.5
INV-H2-000081,0,REVIEW_BASIS,2651917,2653560,0.5
INV-H2-000082,1,OVERCHARGE,,3097359,0.95
INV-H2-000083,0,REVIEW_SERVICE,,4755725,0.5
INV-H2-000084,0,,2242000,2242000,0.9
INV-H2-000085,1,OVERCHARGE,5872689,5872703,0.95
INV-H2-000086,0,,1449553,1449553,0.9
INV-H2-000087,1,OVERCHARGE,,3307731,0.95
INV-H2-000088,0,,3588422,3588422,0.9
INV-H2-000089,0,REVIEW_BASIS|REVIEW_SERVICE,,3697715,0.5
INV-H2-000090,0,REVIEW_BASIS|REVIEW_SERVICE,,3858478,0.5
INV-H2-000091,0,REVIEW_SERVICE,,848706,0.5
INV-H2-000092,0,REVIEW_BASIS|REVIEW_SERVICE,,1588499,0.5
INV-H2-000093,0,,2321254,2321254,0.9
INV-H2-000094,1,OVERCHARGE,3478859,3478889,0.95
INV-H2-000095,0,REVIEW_BASIS|REVIEW_SERVICE,,1567051,0.5
INV-H2-000096,1,OVERCHARGE,,3582167,0.95
INV-H2-000097,0,,1918135,1918135,0.9
INV-H2-000099,0,REVIEW_SERVICE,,3671140,0.5
INV-H2-000100,0,,1012872,1012872,0.9
INV-H2-000101,1,OVERCHARGE,1444516,1444535,0.95
INV-H2-000102,1,OVERCHARGE,,2698803,0.95
INV-H2-000103,0,REVIEW_BASIS,2203238,1800098,0.5
INV-H2-000104,1,DUPLICATE_INVOICE_ID,,2338025,0.95
INV-H2-000105,0,REVIEW_BASIS,3415883,3415883,0.5
INV-H2-000106,0,REVIEW_BASIS|REVIEW_SERVICE,,1684549,0.5
INV-H2-000107,0,REVIEW_BASIS|REVIEW_SERVICE,,1770255,0.5
INV-H2-000108,0,,939000,939000,0.9
INV-H2-000109,0,REVIEW_BASIS,3566239,3566239,0.5
INV-H2-000110,1,OVERCHARGE,,2818189,0.95
INV-H2-000111,1,OVERCHARGE,,3132384,0.95
INV-H2-000112,1,OVERCHARGE,,1682241,0.95
INV-H2-000113,0,REVIEW_SERVICE,,2118730,0.5
INV-H2-000114,0,,2359940,2359940,0.9
INV-H2-000115,0,,456187,456187,0.9
INV-H2-000116,0,,4099404,4099404,0.9
INV-H2-000117,0,REVIEW_BASIS|REVIEW_SERVICE,,3016765,0.5
INV-H2-000118,1,OVERCHARGE,,2780153,0.95
INV-H2-000119,0,REVIEW_SERVICE,,1653293,0.5
INV-H2-000120,0,REVIEW_SERVICE,,2187675,0.5
INV-H2-000121,0,REVIEW_BASIS,7239705,3457550,0.5
INV-H2-000122,1,OVERCHARGE,1592488,1592510,0.95
INV-H2-000123,0,REVIEW_BASIS|REVIEW_SERVICE,,3067605,0.5
INV-H2-000124,0,,856654,856654,0.9
INV-H2-000125,1,OVERCHARGE,,3396593,0.95
INV-H2-000126,0,REVIEW_SERVICE,,2878543,0.5
INV-H2-000127,0,,1721114,1721114,0.9
INV-H2-000128,0,,3144041,3137006,0.9
INV-H2-000129,1,OVERCHARGE,,1656345,0.95
INV-H2-000130,1,OVERCHARGE,,3005248,0.95
INV-H2-000131,0,REVIEW_BASIS|REVIEW_SERVICE,,1951976,0.5
INV-H2-000132,0,,413865,413865,0.9
INV-H2-000133,0,,830125,830125,0.9
INV-H2-000134,0,REVIEW_BASIS,3623241,3628983,0.5
INV-H2-000135,1,OVERCHARGE,,1727577,0.95
INV-H2-000136,0,REVIEW_BASIS,1844743,1844743,0.5
INV-H2-000137,1,OVERCHARGE,584578,584584,0.95
INV-H2-000138,0,,2748673,2748673,0.9
INV-H2-000139,0,,498875,498875,0.9
INV-H2-000140,1,OVERCHARGE,,2595642,0.95
INV-H2-000141,0,,3512118,3511113,0.9
INV-H2-000142,0,REVIEW_BASIS,10774650,4792284,0.5
INV-H2-000143,1,OVERCHARGE,,3650784,0.95
INV-H2-000144,1,OVERCHARGE,631828,767964,0.95
INV-H2-000145,0,REVIEW_BASIS,1958621,2771471,0.5
INV-H2-000146,0,REVIEW_SERVICE,,1528394,0.5
INV-H2-000147,1,DUPLICATE_INVOICE_ID,,1388770,0.95
INV-H2-000148,0,REVIEW_SERVICE,,607093,0.5
INV-H2-000149,1,OVERCHARGE,,2852913,0.95
INV-H2-000150,0,REVIEW_BASIS|REVIEW_INVALID_DATE,,953604,0.5
INV-H2-000151,0,REVIEW_SERVICE,,3698278,0.5
INV-H2-000152,0,REVIEW_SERVICE,,2943880,0.5
INV-H2-000153,0,REVIEW_SERVICE,,1484485,0.5
INV-H2-000154,0,REVIEW_BASIS|REVIEW_SERVICE,,3612189,0.5
INV-H2-000155,1,OVERCHARGE,,2297545,0.95
INV-H2-000156,0,REVIEW_SERVICE,,3133358,0.5
INV-H2-000157,0,,850916,849911,0.9
INV-H2-000158,0,REVIEW_SERVICE,,2430168,0.5
INV-H2-000159,1,OVERCHARGE,,1139386,0.95
INV-H2-000160,0,,2010188,2010188,0.9
INV-H2-000161,1,OVERCHARGE,,2566739,0.95
INV-H2-000162,1,OVERCHARGE,1152078,1152086,0.95
INV-H2-000163,0,REVIEW_BASIS,3654320,3654320,0.5
INV-H2-000164,0,REVIEW_BASIS|REVIEW_SERVICE,,4160466,0.5
INV-H2-000165,0,,1853491,1853491,0.9
INV-H2-000166,0,REVIEW_SERVICE,,2087494,0.5
INV-H2-000167,0,REVIEW_SERVICE,,2496350,0.5
INV-H2-000168,0,REVIEW_BASIS,8436753,3421831,0.5
INV-H2-000169,0,,2073831,2073831,0.9
INV-H2-000170,0,REVIEW_SERVICE,,1978684,0.5
INV-H2-000171,1,INVOICE_TOTAL_MISMATCH,,2999762,0.95
INV-H2-000172,1,OVERCHARGE,,5047206,0.95
INV-H2-000173,0,REVIEW_SERVICE,,2477099,0.5
INV-H2-000174,0,,2007600,2007600,0.9
INV-H2-000175,1,OVERCHARGE,2714652,2721039,0.95
INV-H2-000176,1,LINE_TOTAL_ARITHMETIC,,791325,0.95
INV-H2-000177,1,OVERCHARGE,2896528,2888495,0.95
INV-H2-000178,0,REVIEW_SERVICE,,1810565,0.5
INV-H2-000179,0,REVIEW_BASIS,2868097,2861237,0.5
INV-H2-000180,0,REVIEW_SERVICE,,3160638,0.5
INV-H2-000181,0,REVIEW_BASIS|REVIEW_SERVICE,,2280275,0.5
INV-H2-000182,0,,3424525,3424525,0.9
INV-H2-000183,1,INVALID_CONTRACT,,1041743,0.95
INV-H2-000184,0,,2567831,2567831,0.9
INV-H2-000185,0,,1082679,1077654,0.9
INV-H2-000186,0,REVIEW_BASIS,2269082,2261042,0.5
INV-H2-000187,0,REVIEW_BASIS|REVIEW_SERVICE,,2911019,0.5
INV-H2-000188,1,OVERCHARGE,,1848168,0.95
INV-H2-000189,0,,1322741,1322741,0.9
INV-H2-000190,0,REVIEW_BASIS,3924960,3942015,0.5
INV-H2-000191,0,REVIEW_BASIS|REVIEW_SERVICE,,3121011,0.5
INV-H2-000192,1,OVERCHARGE,,3569501,0.95
INV-H2-000193,0,REVIEW_BASIS,1426275,1426275,0.5
INV-H2-000194,0,REVIEW_BASIS,12421709,2190295,0.5
INV-H2-000195,0,,2195990,2195990,0.9
INV-H2-000196,0,REVIEW_SERVICE,,2338637,0.5
INV-H2-000197,1,DUPLICATE_INVOICE_ID,,1835952,0.95
INV-H2-000198,0,REVIEW_SERVICE,,2726444,0.5
INV-H2-000199,1,OVERCHARGE,3747606,3747628,0.95
INV-H2-000200,1,OVERCHARGE,,3195170,0.95
INV-H2-000201,0,REVIEW_BASIS,1377425,1373725,0.5
INV-H2-000202,1,OVERCHARGE,1575780,1575784,0.95
INV-H2-000203,1,OVERCHARGE,2449270,2193175,0.95
INV-H2-000204,1,OVERCHARGE,2820961,2552210,0.95
INV-H2-000205,0,,1747464,1747464,0.9
INV-H2-000206,1,OVERCHARGE,1642104,1642121,0.95
INV-H2-000207,0,,5339128,5339128,0.9
INV-H2-000208,0,REVIEW_BASIS,894341,894341,0.5
INV-H2-000209,1,INVALID_SERVICE_DATE,,2987990,0.95
INV-H2-000210,0,,2021915,2021915,0.9
INV-H2-000211,0,REVIEW_SERVICE,,3224183,0.5
INV-H2-000212,0,REVIEW_SERVICE,,2399862,0.5
INV-H2-000213,1,OVERCHARGE,,2036345,0.95
INV-H2-000214,0,,1874579,1874579,0.9
INV-H2-000215,0,REVIEW_BASIS|REVIEW_SERVICE,,2866903,0.5
INV-H2-000216,0,REVIEW_BASIS|REVIEW_SERVICE,,2947675,0.5
INV-H2-000217,0,REVIEW_BASIS,405638,812063,0.5
INV-H2-000218,0,REVIEW_BASIS,2870834,2870834,0.5
INV-H2-000219,0,REVIEW_BASIS,4842775,5249200,0.5
INV-H2-000220,0,,5611650,5611650,0.9
INV-H2-000221,0,,2093653,2093653,0.9
INV-H2-000222,1,OVERCHARGE,1692092,1692095,0.95
INV-H2-000223,0,REVIEW_BASIS|REVIEW_SERVICE,,1363298,0.5
INV-H2-000224,0,REVIEW_SERVICE,,819455,0.5
INV-H2-000225,1,OVERCHARGE,,3822242,0.95
INV-H2-000226,0,REVIEW_SERVICE,,2365736,0.5
INV-H2-000227,1,DAILY_CAP_VIOLATION|OVERCHARGE,2047782,2047798,0.95
INV-H2-000228,0,,1700169,1700169,0.9
INV-H2-000229,0,,2115083,2115083,0.9
INV-H2-000230,0,REVIEW_BASIS,1065650,1871100,0.5
INV-H2-000231,0,REVIEW_BASIS,2671449,2671449,0.5
INV-H2-000232,0,REVIEW_BASIS|REVIEW_SERVICE,,554808,0.5
INV-H2-000233,0,REVIEW_SERVICE,,2080723,0.5
INV-H2-000234,1,OVERCHARGE,,2980929,0.95
INV-H2-000235,0,,1316842,1316842,0.9
INV-H2-000236,0,,3576685,3576685,0.9
INV-H2-000237,0,REVIEW_SERVICE,,2847629,0.5
INV-H2-000238,1,OVERCHARGE,,4112722,0.95
INV-H2-000239,1,INVALID_CONTRACT,,1140915,0.95
INV-H2-000240,1,OVERCHARGE,,2425661,0.95
INV-H2-000241,1,OVERCHARGE,1809985,1809995,0.95
INV-H2-000242,0,REVIEW_BASIS|REVIEW_SERVICE,,1754517,0.5
INV-H2-000243,0,REVIEW_SERVICE,,1572770,0.5
INV-H2-000244,0,REVIEW_BASIS,2810534,2875784,0.5
INV-H2-000245,0,,3639816,3639816,0.9
INV-H2-000246,0,REVIEW_SERVICE,,3928710,0.5
INV-H2-000247,0,REVIEW_SERVICE,,2158429,0.5
INV-H2-000248,1,INVALID_SERVICE_DATE,2944030,2944030,0.95
INV-H2-000249,1,INVALID_CONTRACT,1285550,622800,0.95
INV-H2-000250,0,REVIEW_BASIS|REVIEW_SERVICE,,3640555,0.5
INV-H2-000251,0,REVIEW_SERVICE,,3991755,0.5
INV-H2-000252,0,REVIEW_BASIS,2764027,2386515,0.5
INV-H2-000253,0,REVIEW_BASIS|REVIEW_SERVICE,,2100395,0.5
INV-H2-000254,1,OVERCHARGE,,3152453,0.95
INV-H2-000255,1,OVERCHARGE,,1298069,0.95
INV-H2-000256,0,,1269959,1269959,0.9
INV-H2-000257,0,REVIEW_SERVICE,,1700570,0.5
INV-H2-000258,1,OVERCHARGE,,4756505,0.95
INV-H2-000259,0,REVIEW_SERVICE,,2120226,0.5
INV-H2-000260,0,,3875219,3875219,0.9
INV-H2-000261,0,REVIEW_BASIS|REVIEW_SERVICE,,1770116,0.5
INV-H2-000262,0,REVIEW_BASIS,1413500,1413500,0.5
INV-H2-000263,1,OVERCHARGE,1002730,1002747,0.95
INV-H2-000264,1,OVERCHARGE,1903263,1903274,0.95
INV-H2-000265,0,REVIEW_BASIS,810665,676285,0.5
INV-H2-000266,0,,4335855,4335855,0.9
INV-H2-000267,0,,1646604,1646604,0.9
INV-H2-000268,0,REVIEW_SERVICE,,1812741,0.5
INV-H2-000269,0,,3633017,3633017,0.9
INV-H2-000270,1,OVERCHARGE,1930426,1930440,0.95
INV-H2-000271,1,OVERCHARGE,,2348347,0.95
INV-H2-000272,1,OVERCHARGE,1369299,1775741,0.95
INV-H2-000273,0,REVIEW_BASIS|REVIEW_SERVICE,,3626296,0.5
INV-H2-000274,0,REVIEW_BASIS,2175377,2988227,0.5
INV-H2-000275,1,OVERCHARGE,,2399610,0.95
INV-H2-000276,0,REVIEW_SERVICE,,2928873,0.5
INV-H2-000277,1,OVERCHARGE,1961133,1961152,0.95
INV-H2-000278,0,REVIEW_SERVICE,,2892472,0.5
INV-H2-000279,1,OVERCHARGE,3161726,4108959,0.95
INV-H2-000280,0,REVIEW_BASIS,984725,984725,0.5
INV-H2-000281,0,REVIEW_BASIS,1812425,1820081,0.5
INV-H2-000282,1,OVERCHARGE,,3803564,0.95
INV-H2-000283,1,OVERCHARGE,,4143970,0.95
INV-H2-000284,1,OVERCHARGE,,2119699,0.95
INV-H2-000285,0,REVIEW_SERVICE,,3080963,0.5
INV-H2-000286,0,,1015150,1015150,0.9
INV-H2-000287,1,OVERCHARGE,4273060,4273074,0.95
INV-H2-000288,0,,1708690,1708690,0.9
INV-H2-000289,1,OVERCHARGE,1786161,1786174,0.95
INV-H2-000290,1,DUPLICATE_INVOICE_ID,,1309252,0.95
INV-H2-000291,0,,1924615,1924615,0.9
INV-H2-000292,1,OVERCHARGE,,4047004,0.95
INV-H2-000293,0,REVIEW_BASIS,1623995,2436845,0.5
INV-H2-000294,0,,2842445,2842445,0.9
INV-H2-000295,0,REVIEW_BASIS,9291575,2049905,0.5
INV-H2-000296,0,,5013599,5013599,0.9
INV-H2-000297,0,REVIEW_BASIS,4991130,4453610,0.5
INV-H2-000298,1,OVERCHARGE,2389238,2795685,0.95
INV-H2-000299,1,INVALID_CONTRACT,3677861,3677863,0.95
INV-H2-000300,0,REVIEW_BASIS|REVIEW_SERVICE,,2910739,0.5
INV-H2-000301,1,OVERCHARGE,3775258,3775268,0.95
INV-H2-000302,1,OVERCHARGE,719113,719120,0.95
INV-H2-000303,0,REVIEW_BASIS|REVIEW_SERVICE,,2394717,0.5
INV-H2-000304,0,,1250195,1250195,0.9
INV-H2-000305,0,REVIEW_SERVICE,,1720763,0.5
INV-H2-000306,1,DUPLICATE_SERVICE|OVERCHARGE,3758329,3762607,0.95
INV-H2-000307,0,,2666334,2666334,0.9
INV-H2-000308,0,REVIEW_BASIS,9548747,1342511,0.5
INV-H2-000309,1,OVERCHARGE,,2638802,0.95
INV-H2-000310,0,REVIEW_SERVICE,,3367575,0.5
INV-H2-000311,0,REVIEW_SERVICE,,2948572,0.5
INV-H2-000312,0,REVIEW_BASIS,1561932,1517532,0.5
INV-H2-000313,1,OVERCHARGE,2230592,2230605,0.95
INV-H2-000314,0,REVIEW_BASIS,2488099,2579449,0.5
INV-H2-000315,1,DUPLICATE_SERVICE,,1836941,0.95
INV-H2-000316,0,REVIEW_BASIS,2822219,2822219,0.5
INV-H2-000317,1,OVERCHARGE,726064,726065,0.95
INV-H2-000318,0,,3066075,3066075,0.9
INV-H2-000319,1,OVERCHARGE,,1282121,0.95
INV-H2-000320,0,REVIEW_BASIS,13100540,3982500,0.5
INV-H2-000321,1,OVERCHARGE,1973017,1973038,0.95
INV-H2-000322,0,REVIEW_BASIS,1263762,1263762,0.5
INV-H2-000323,0,,323654,323654,0.9
INV-H2-000324,1,OVERCHARGE,,2313314,0.95
INV-H2-000325,1,OVERCHARGE,,1666784,0.95
INV-H2-000326,0,,872000,872000,0.9
INV-H2-000327,1,OVERCHARGE,,3386714,0.95
INV-H2-000328,0,,2670780,2670780,0.9
INV-H2-000329,0,REVIEW_SERVICE,,966437,0.5
INV-H2-000330,0,REVIEW_SERVICE,,1553631,0.5
INV-H2-000331,1,OVERCHARGE,,2670468,0.95
INV-H2-000332,0,REVIEW_SERVICE,,3646221,0.5
INV-H2-000333,1,OVERCHARGE,,1201594,0.95
INV-H2-000334,0,REVIEW_SERVICE,,2990147,0.5
INV-H2-000335,0,REVIEW_BASIS,3847048,4659898,0.5
INV-H2-000336,1,OVERCHARGE,,3720232,0.95
INV-H2-000337,0,REVIEW_SERVICE,,2289976,0.5
INV-H2-000338,0,REVIEW_SERVICE,,1967325,0.5
INV-H2-000339,1,OVERCHARGE,2689103,2689112,0.95
INV-H2-000340,0,,2243925,2243925,0.9
INV-H2-000341,0,,1736250,1736250,0.9
INV-H2-000342,0,REVIEW_SERVICE,,3732648,0.5
INV-H2-000343,0,,5344806,5344806,0.9
INV-H2-000344,0,REVIEW_SERVICE,,2731884,0.5
INV-H2-000345,1,OVERCHARGE,1708454,1708455,0.95
INV-H2-000346,1,OVERCHARGE,,2408216,0.95
INV-H2-000347,0,,1874095,1874095,0.9
INV-H2-000348,1,OVERCHARGE,2412276,2412300,0.95
INV-H2-000349,0,REVIEW_BASIS|REVIEW_SERVICE,,2377553,0.5
INV-H2-000350,0,REVIEW_SERVICE,,1775933,0.5
INV-H2-000351,0,REVIEW_BASIS,2239547,2239547,0.5
INV-H2-000352,0,,2541076,2541076,0.9
INV-H2-000353,0,,1977554,1977554,0.9
INV-H2-000354,0,,882912,882912,0.9
INV-H2-000355,0,REVIEW_BASIS,909404,961604,0.5
INV-H2-000356,0,REVIEW_SERVICE,,3469305,0.5
INV-H2-000357,1,OVERCHARGE,2918298,2918301,0.95
INV-H2-000358,0,REVIEW_BASIS|REVIEW_SERVICE,,1182388,0.5
INV-H2-000359,1,OVERCHARGE,1422784,1422806,0.95
INV-H2-000360,0,,2099040,2099040,0.9
INV-H2-000361,0,REVIEW_BASIS|REVIEW_SERVICE,,3203010,0.5
INV-H2-000362,1,OVERCHARGE,2580291,2580301,0.95
INV-H2-000363,0,REVIEW_SERVICE,,2604594,0.5
INV-H2-000364,0,REVIEW_BASIS|REVIEW_SERVICE,,4278783,0.5
INV-H2-000365,0,REVIEW_BASIS|REVIEW_SERVICE,,2527754,0.5
INV-H2-000366,0,REVIEW_BASIS,3640315,3640315,0.5
INV-H2-000367,0,REVIEW_BASIS|REVIEW_SERVICE,,4036760,0.5
INV-H2-000368,0,,3089495,3089495,0.9
INV-H2-000369,1,OVERCHARGE,4816097,4816109,0.95
INV-H2-000370,0,REVIEW_BASIS,1836690,1838604,0.5
INV-H2-000371,1,OVERCHARGE,606278,606294,0.95
INV-H2-000372,0,,3452468,3452468,0.9
INV-H2-000373,0,REVIEW_BASIS,1698370,1563990,0.5
INV-H2-000374,1,OVERCHARGE,4311904,4311933,0.95
INV-H2-000375,1,OVERCHARGE,,2117844,0.95
INV-H2-000376,1,DAILY_CAP_VIOLATION|INVALID_SERVICE_DATE|OVERCHARGE,2933545,2933550,0.95
INV-H2-000377,1,OVERCHARGE,,2352231,0.95
INV-H2-000378,0,,3569028,3569028,0.9
INV-H2-000379,0,,1395717,1395717,0.9
INV-H2-000380,0,REVIEW_BASIS|REVIEW_SERVICE,,1072638,0.5
INV-H2-000381,1,OVERCHARGE,536232,536246,0.95
INV-H2-000382,0,REVIEW_SERVICE,,2908946,0.5
INV-H2-000383,0,,1996262,1996262,0.9
INV-H2-000384,1,OVERCHARGE,,3920041,0.95
INV-H2-000385,0,,2066280,2066280,0.9
INV-H2-000386,0,REVIEW_SERVICE,,1412868,0.5
INV-H2-000387,1,OVERCHARGE,6381981,3190686,0.95
INV-H2-000388,1,OVERCHARGE,1865137,1327618,0.95
INV-H2-000389,1,OVERCHARGE,898544,898556,0.95
INV-H2-000390,0,,1681972,1681972,0.9
INV-H2-000391,0,REVIEW_BASIS,1795136,1410986,0.5
INV-H2-000392,1,OVERCHARGE,,3198125,0.95
INV-H2-000393,1,OVERCHARGE,,2854089,0.95
INV-H2-000394,0,REVIEW_BASIS|REVIEW_SERVICE,,1198540,0.5
INV-H2-000395,1,OVERCHARGE,2276657,2315813,0.95
INV-H2-000396,0,,1899716,1899716,0.9
INV-H2-000397,1,OVERCHARGE,,1363725,0.95
INV-H2-000398,1,OVERCHARGE,,4717063,0.95
INV-H2-000399,0,REVIEW_BASIS,1754667,1760409,0.5
INV-H2-000400,1,OVERCHARGE,,2854742,0.95
INV-H2-000401,0,,1154624,1154624,0.9
INV-H2-000402,1,OVERCHARGE,9199684,2787726,0.95
INV-H2-000403,0,REVIEW_BASIS|REVIEW_SERVICE,,2788224,0.5
INV-H2-000404,0,,1430615,1430615,0.9
INV-H2-000405,0,REVIEW_BASIS,9951118,554880,0.5
INV-H2-000406,1,OVERCHARGE,4333000,4333007,0.95
INV-H2-000407,0,,2348296,2348296,0.9
INV-H2-000408,1,OVERCHARGE,,3847130,0.95
INV-H2-000409,0,REVIEW_SERVICE,,2308918,0.5
INV-H2-000410,1,OVERCHARGE,,1095747,0.95
INV-H2-000411,0,REVIEW_BASIS,682184,659984,0.5
INV-H2-000412,0,REVIEW_BASIS|REVIEW_SERVICE,,748067,0.5
INV-H2-000413,0,REVIEW_SERVICE,,2121975,0.5
INV-H2-000414,0,REVIEW_SERVICE,,1289277,0.5
INV-H2-000415,0,,1366701,1366701,0.9
INV-H2-000416,0,,1882350,1882350,0.9
INV-H2-000417,1,OVERCHARGE,,2886177,0.95
INV-H2-000418,1,OVERCHARGE,3790374,3790376,0.95
INV-H2-000419,0,REVIEW_SERVICE,,1346041,0.5
INV-H2-000420,0,REVIEW_SERVICE,,1997150,0.5
INV-H2-000421,0,REVIEW_BASIS|REVIEW_SERVICE,,2124205,0.5
INV-H2-000422,1,OVERCHARGE,,2442022,0.95
INV-H2-000423,0,,2257247,2257247,0.9
INV-H2-000424,0,REVIEW_SERVICE,,3020005,0.5
INV-H2-000425,0,REVIEW_SERVICE,,2119373,0.5
INV-H2-000426,0,REVIEW_SERVICE,,1683811,0.5
INV-H2-000427,0,REVIEW_BASIS|REVIEW_SERVICE,,2581960,0.5
INV-H2-000428,0,,865265,865265,0.9
INV-H2-000429,1,OVERCHARGE,2626950,3033400,0.95
INV-H2-000430,0,REVIEW_SERVICE,,2119852,0.5
INV-H2-000431,1,OVERCHARGE,2089013,3036250,0.95
INV-H2-000432,1,INVOICE_TOTAL_MISMATCH,,851553,0.95
INV-H2-000433,0,REVIEW_BASIS|REVIEW_SERVICE,,3006170,0.5
INV-H2-000434,0,REVIEW_SERVICE,,976760,0.5
INV-H2-000435,1,OVERCHARGE,,1993856,0.95
INV-H2-000436,1,INVOICE_TOTAL_MISMATCH,,2403279,0.95
INV-H2-000437,0,,2565495,2565495,0.9
INV-H2-000438,0,,1618210,1618210,0.9
INV-H2-000439,0,REVIEW_BASIS,4828675,3318627,0.5
INV-H2-000440,0,,2974295,2974295,0.9
INV-H2-000441,1,OVERCHARGE,,3406221,0.95
INV-H2-000442,0,REVIEW_BASIS|REVIEW_SERVICE,,2633430,0.5
INV-H2-000443,0,REVIEW_SERVICE,,1714442,0.5
INV-H2-000444,0,,1808152,1808152,0.9
INV-H2-000445,1,OVERCHARGE,1862156,1867264,0.95
INV-H2-000446,1,DAILY_CAP_VIOLATION|INVALID_SERVICE_DATE,,4057446,0.95
INV-H2-000447,1,INVALID_SERVICE_DATE|OVERCHARGE,,3616607,0.95
INV-H2-000448,0,,3534828,3534828,0.9
INV-H2-000449,0,,2821366,2821366,0.9
INV-H2-000450,0,,1164383,1164383,0.9
INV-H2-000451,0,REVIEW_SERVICE,,753854,0.5
INV-H2-000452,0,,2030073,2030073,0.9
INV-H2-000453,0,REVIEW_SERVICE,,2618660,0.5
INV-H2-000454,1,OVERCHARGE,652948,652962,0.95
INV-H2-000455,1,OVERCHARGE,,1630753,0.95
INV-H2-000456,0,REVIEW_BASIS,2350475,2350475,0.5
INV-H2-000457,0,REVIEW_SERVICE,,1969084,0.5
INV-H2-000458,0,REVIEW_BASIS,1682370,1219696,0.5
INV-H2-000459,0,REVIEW_BASIS,1403924,1475580,0.5
INV-H2-000460,0,REVIEW_SERVICE,,1720892,0.5
INV-H2-000461,0,,2159420,2159420,0.9
INV-H2-000462,0,REVIEW_SERVICE,,3616143,0.5
INV-H2-000463,0,REVIEW_BASIS|REVIEW_SERVICE,,2511058,0.5
INV-H2-000464,0,,450405,450405,0.9
INV-H2-000465,0,,1735104,1735104,0.9
INV-H2-000466,1,OVERCHARGE,,2091634,0.95
INV-H2-000467,1,OVERCHARGE,640351,731706,0.95
INV-H2-000468,0,,1417911,1417911,0.9
INV-H2-000469,0,,1799383,1799383,0.9
INV-H2-000470,0,REVIEW_BASIS|REVIEW_SERVICE,,848500,0.5
INV-H2-000471,0,REVIEW_BASIS|REVIEW_SERVICE,,1880822,0.5
INV-H2-000472,0,REVIEW_SERVICE,,4818240,0.5
INV-H2-000473,1,DUPLICATE_SERVICE|OVERCHARGE,,3336481,0.95
INV-H2-000474,0,REVIEW_BASIS,2690366,2690366,0.5
INV-H2-000475,1,OVERCHARGE,1571333,1571347,0.95
INV-H2-000476,1,OVERCHARGE,948862,840538,0.95
INV-H2-000477,1,OVERCHARGE,1175483,1175492,0.95
INV-H2-000478,0,REVIEW_BASIS,2811743,2811743,0.5
INV-H2-000479,0,,1487956,1487956,0.9
INV-H2-000480,0,REVIEW_SERVICE,,1052124,0.5
INV-H2-000481,0,REVIEW_SERVICE,,1942981,0.5
INV-H2-000482,1,OVERCHARGE,,2261845,0.95
INV-H2-000483,0,REVIEW_SERVICE,,2817934,0.5
INV-H2-000484,1,OVERCHARGE,1766754,1766773,0.95
INV-H2-000485,0,REVIEW_BASIS,6148175,1240519,0.5
INV-H2-000486,0,REVIEW_BASIS,3301850,3301850,0.5
INV-H2-000487,1,OVERCHARGE,2299771,2302326,0.95
INV-H2-000488,0,,2235260,2235260,0.9
INV-H2-000489,1,OVERCHARGE,2652122,2652128,0.95
INV-H2-000490,1,OVERCHARGE,,1318273,0.95
INV-H2-000491,0,REVIEW_SERVICE,,3922968,0.5
INV-H2-000492,1,OVERCHARGE,,3215187,0.95
INV-H2-000493,1,OVERCHARGE,,3246586,0.95
INV-H2-000494,0,REVIEW_SERVICE,,1217533,0.5
INV-H2-000495,0,REVIEW_BASIS,3005638,1182030,0.5
INV-H2-000496,0,,1186703,1186703,0.9
INV-H2-000498,1,OVERCHARGE,,3214850,0.95
INV-H2-000499,0,REVIEW_BASIS|REVIEW_SERVICE,,3971333,0.5
INV-H2-000500,0,REVIEW_SERVICE,,2320715,0.5
INV-H2-000501,1,OVERCHARGE,2146234,2146246,0.95
INV-H2-000502,0,REVIEW_BASIS,1481234,2294084,0.5
INV-H2-000503,0,REVIEW_BASIS,11822235,4649507,0.5
INV-H2-000504,0,,1227341,1227341,0.9
INV-H2-000505,0,,1313419,1313419,0.9
INV-H2-000506,0,REVIEW_BASIS,2851466,2515516,0.5
INV-H2-000507,1,OVERCHARGE,,3254536,0.95
INV-H2-000508,0,,3212900,3212900,0.9
INV-H2-000509,1,INVOICE_TOTAL_MISMATCH,,4972669,0.95
INV-H2-000510,0,,2229527,2229527,0.9
INV-H2-000511,0,REVIEW_BASIS,8738311,2811585,0.5
INV-H2-000512,1,OVERCHARGE,,3858882,0.95
INV-H2-000513,1,OVERCHARGE,,1178022,0.95
INV-H2-000514,1,OVERCHARGE,2413744,2413761,0.95
INV-H2-000515,1,OVERCHARGE,4751106,4751120,0.95
INV-H2-000516,0,REVIEW_BASIS|REVIEW_SERVICE,,3819506,0.5
INV-H2-000517,1,OVERCHARGE,599364,599366,0.95
INV-H2-000518,0,REVIEW_BASIS,985822,1392247,0.5
INV-H2-000519,0,REVIEW_BASIS|REVIEW_INVALID_DATE,,4021008,0.5
INV-H2-000520,1,OVERCHARGE,1266187,1266208,0.95
INV-H2-000521,0,,2393093,2393093,0.9
INV-H2-000522,1,DUPLICATE_SERVICE|INVALID_SERVICE_DATE|EXCLUSION_VIOLATION,2411701,2437801,0.95
INV-H2-000523,1,OVERCHARGE,2057296,2064963,0.95
INV-H2-000524,1,OVERCHARGE,,2678468,0.95
INV-H2-000525,1,OVERCHARGE,3664595,3664609,0.95
INV-H2-000526,1,OVERCHARGE,3496997,3521979,0.95
INV-H2-000527,0,REVIEW_BASIS,2726965,2372365,0.5
INV-H2-000528,0,,1165989,1165989,0.9
INV-H2-000529,0,,1942612,1942612,0.9
INV-H2-000530,0,REVIEW_SERVICE,,2020950,0.5
INV-H2-000531,0,,1912735,1912735,0.9
INV-H2-000532,0,,1735793,1735793,0.9
INV-H2-000533,0,,782200,782200,0.9
INV-H2-000534,0,,3400872,3400872,0.9
INV-H2-000535,0,REVIEW_BASIS|REVIEW_SERVICE,,3084252,0.5
INV-H2-000536,1,OVERCHARGE,4239808,4239813,0.95
INV-H2-000537,0,REVIEW_BASIS|REVIEW_SERVICE,,3154210,0.5
INV-H2-000538,1,OVERCHARGE,,2855565,0.95
INV-H2-000539,0,,1054333,1054333,0.9
INV-H2-000540,0,,2617786,2617786,0.9
INV-H2-000541,0,REVIEW_SERVICE,,1250700,0.5
INV-H2-000542,1,OVERCHARGE,,5495032,0.95
INV-H2-000543,0,REVIEW_BASIS,777684,869034,0.5
INV-H2-000544,1,OVERCHARGE,4361667,4361678,0.95
INV-H2-000545,0,REVIEW_BASIS|REVIEW_SERVICE,,3421058,0.5
INV-H2-000546,1,OVERCHARGE,,2877477,0.95
INV-H2-000547,0,,2712538,2712538,0.9
INV-H2-000548,0,REVIEW_BASIS,1838775,1631925,0.5
INV-H2-000549,1,DUPLICATE_INVOICE_ID,,4038649,0.95
INV-H2-000550,0,,812880,812880,0.9
INV-H2-000551,0,REVIEW_BASIS,1483052,1889477,0.5
INV-H2-000552,1,OVERCHARGE,,1578679,0.95
INV-H2-000553,0,REVIEW_BASIS,1369940,1344040,0.5
INV-H2-000554,0,REVIEW_SERVICE,,1871014,0.5
INV-H2-000555,0,REVIEW_SERVICE,,1392220,0.5
INV-H2-000556,0,REVIEW_SERVICE,,2894291,0.5
INV-H2-000557,0,REVIEW_SERVICE,,1961598,0.5
INV-H2-000558,1,OVERCHARGE,1735897,1735900,0.95
INV-H2-000559,0,REVIEW_BASIS|REVIEW_SERVICE,,1558207,0.5
INV-H2-000560,0,REVIEW_SERVICE,,3421995,0.5
INV-H2-000561,0,REVIEW_INVALID_DATE,,3182220,0.5
INV-H2-000562,1,OVERCHARGE,2208527,2208541,0.95
INV-H2-000563,0,,880960,880960,0.9
INV-H2-000564,0,REVIEW_BASIS,2965034,3032224,0.5
INV-H2-000565,0,REVIEW_SERVICE,,2938967,0.5
INV-H2-000566,1,OVERCHARGE,3185731,3281550,0.95
INV-H2-000567,1,OVERCHARGE,,3084514,0.95
INV-H2-000568,0,,2556398,2556398,0.9
INV-H2-000569,0,REVIEW_SERVICE,,1295125,0.5
INV-H2-000570,1,OVERCHARGE,,805834,0.95
INV-H2-000571,0,REVIEW_SERVICE,,1573084,0.5
INV-H2-000573,0,REVIEW_BASIS,1634252,1790852,0.5
INV-H2-000574,0,REVIEW_BASIS|REVIEW_SERVICE,,4484221,0.5
INV-H2-000575,0,,1930575,1930575,0.9
INV-H2-000576,0,,1687395,1687395,0.9
INV-H2-000577,1,OVERCHARGE,,3136349,0.95
INV-H2-000578,0,,1357734,1357734,0.9
INV-H2-000579,1,OVERCHARGE,2236844,2126739,0.95
INV-H2-000580,1,OVERCHARGE,,2628963,0.95
INV-H2-000581,0,REVIEW_BASIS|REVIEW_SERVICE,,2793115,0.5
INV-H2-000582,1,OVERCHARGE,,3945274,0.95
INV-H2-000583,1,OVERCHARGE,,3228763,0.95
INV-H2-000584,1,OVERCHARGE,806305,806310,0.95
INV-H2-000585,0,REVIEW_BASIS|REVIEW_SERVICE,,3546158,0.5
INV-H2-000586,0,,2641526,2641526,0.9
INV-H2-000587,1,OVERCHARGE,,3303488,0.95
INV-H2-000588,1,OVERCHARGE,2523312,2523334,0.95
INV-H2-000589,0,,2244155,2244155,0.9
INV-H2-000590,1,OVERCHARGE,2785522,2785543,0.95
INV-H2-000591,0,REVIEW_BASIS,862772,862772,0.5
INV-H2-000592,0,,2916885,2916885,0.9
INV-H2-000593,0,,2942192,2942192,0.9
INV-H2-000594,0,REVIEW_BASIS|REVIEW_SERVICE,,1757164,0.5
INV-H2-000595,1,DAILY_CAP_VIOLATION,5065695,5472120,0.95
INV-H2-000596,0,,2802714,2802714,0.9
INV-H2-000597,1,OVERCHARGE,2648944,2626768,0.95
INV-H2-000598,0,REVIEW_SERVICE,,2966867,0.5
INV-H2-000599,0,,2919963,2919963,0.9
INV-H2-000600,0,REVIEW_BASIS,2319351,2319351,0.5
INV-H2-000601,0,,1432869,1432869,0.9
INV-H2-000602,0,,2479774,2479774,0.9
INV-H2-000603,0,,1882190,1882190,0.9
INV-H2-000604,0,REVIEW_BASIS,4240861,4240861,0.5
INV-H2-000605,0,,2978973,2978973,0.9
INV-H2-000606,0,REVIEW_SERVICE,,1805800,0.5
INV-H2-000607,0,REVIEW_SERVICE,,1817036,0.5
INV-H2-000608,0,REVIEW_BASIS|REVIEW_SERVICE,,2344333,0.5
INV-H2-000609,0,REVIEW_BASIS,4766832,5579682,0.5
INV-H2-000610,1,OVERCHARGE,2512420,2768134,0.95
INV-H2-000611,0,REVIEW_SERVICE,,762698,0.5
INV-H2-000613,1,OVERCHARGE,,3596316,0.95
INV-H2-000614,1,OVERCHARGE,2470805,2472738,0.95
INV-H2-000615,0,REVIEW_BASIS,2389637,2524017,0.5
INV-H2-000616,0,REVIEW_SERVICE,,1191206,0.5
INV-H2-000617,1,OVERCHARGE,2296174,2405578,0.95
INV-H2-000618,1,OVERCHARGE,,1829923,0.95
INV-H2-000619,0,REVIEW_SERVICE,,2581322,0.5
INV-H2-000620,0,REVIEW_SERVICE,,4885679,0.5
INV-H2-000621,0,,1124301,1124301,0.9
INV-H2-000622,0,REVIEW_SERVICE,,1882260,0.5
INV-H2-000623,0,REVIEW_BASIS|REVIEW_SERVICE,,2896723,0.5
INV-H2-000624,1,OVERCHARGE,,4022455,0.95
INV-H2-000625,1,OVERCHARGE,1349017,1379179,0.95
INV-H2-000626,1,OVERCHARGE,4145529,4145553,0.95
INV-H2-000627,0,REVIEW_BASIS|REVIEW_SERVICE,,1786081,0.5
INV-H2-000628,0,,577005,577005,0.9
INV-H2-000629,1,OVERCHARGE,,2290394,0.95
INV-H2-000630,0,REVIEW_SERVICE,,1202654,0.5
INV-H2-000631,1,OVERCHARGE,3479681,3531903,0.95
INV-H2-000632,1,OVERCHARGE,6329823,6329851,0.95
INV-H2-000633,0,,1114656,1114656,0.9
INV-H2-000634,0,REVIEW_BASIS|REVIEW_SERVICE,,4638849,0.5
INV-H2-000635,0,,1136040,1136040,0.9
INV-H2-000637,1,OVERCHARGE,1728162,1728169,0.95
INV-H2-000638,0,REVIEW_BASIS,2568912,3381762,0.5
INV-H2-000639,0,REVIEW_SERVICE,,2198076,0.5
INV-H2-000640,0,,908634,908634,0.9
INV-H2-000641,1,OVERCHARGE,,2763175,0.95
INV-H2-000642,0,REVIEW_BASIS|REVIEW_SERVICE,,2904883,0.5
INV-H2-000643,0,REVIEW_SERVICE,,2698521,0.5
INV-H2-000644,0,REVIEW_SERVICE,,1398308,0.5
INV-H2-000645,1,OVERCHARGE,,2258476,0.95
INV-H2-000646,0,,4456054,4456054,0.9
INV-H2-000647,1,OVERCHARGE,,2068148,0.95
INV-H2-000648,1,OVERCHARGE,2699992,2700004,0.95
INV-H2-000649,0,REVIEW_SERVICE,,1552032,0.5
INV-H2-000650,1,OVERCHARGE,8400090,2432083,0.95
INV-H2-000651,0,REVIEW_BASIS|REVIEW_SERVICE,,3375477,0.5
INV-H2-000652,0,REVIEW_BASIS|REVIEW_SERVICE,,2483214,0.5
INV-H2-000653,1,OVERCHARGE,1468761,1468777,0.95
INV-H2-000654,0,,1219902,1219902,0.9
INV-H2-000655,0,REVIEW_BASIS,12361282,3699144,0.5
INV-H2-000656,0,REVIEW_BASIS,3097355,3136505,0.5
INV-H2-000657,0,,2413294,2413294,0.9
INV-H2-000658,0,,3097664,3097664,0.9
INV-H2-000659,0,REVIEW_SERVICE,,2083537,0.5
INV-H2-000660,0,,1164115,1164115,0.9
INV-H2-000661,1,INVOICE_TOTAL_MISMATCH,,1600124,0.95
INV-H2-000662,1,INVALID_SERVICE_DATE|OVERCHARGE,2105417,2167344,0.95
INV-H2-000663,0,REVIEW_BASIS,13344822,4682684,0.5
INV-H2-000664,0,REVIEW_BASIS,3095870,3095870,0.5
INV-H2-000665,0,,2621783,2621783,0.9
INV-H2-000666,0,REVIEW_SERVICE,,1621625,0.5
INV-H2-000667,1,OVERCHARGE,3168885,3168902,0.95
INV-H2-000668,0,REVIEW_SERVICE,,3127885,0.5
INV-H2-000669,0,REVIEW_SERVICE,,1716593,0.5
INV-H2-000670,0,,2667365,2667365,0.9
INV-H2-000671,0,,3704829,3704829,0.9
INV-H2-000672,0,,3149355,3149355,0.9
INV-H2-000673,0,REVIEW_BASIS|REVIEW_SERVICE,,1783703,0.5
INV-H2-000674,0,REVIEW_SERVICE,,3512287,0.5
INV-H2-000675,1,OVERCHARGE,,2606740,0.95
INV-H2-000676,0,REVIEW_BASIS,4570871,3815847,0.5
INV-H2-000677,0,REVIEW_BASIS,6718668,2188524,0.5
INV-H2-000678,0,REVIEW_SERVICE,,4303873,0.5
INV-H2-000679,0,,2691653,2691653,0.9
INV-H2-000680,1,OVERCHARGE,3026186,3026199,0.95
INV-H2-000681,0,,3587102,3587102,0.9
INV-H2-000682,0,REVIEW_BASIS,840080,1652930,0.5
INV-H2-000683,0,,3284345,3284345,0.9
INV-H2-000684,0,REVIEW_INVALID_DATE,,2974777,0.5
INV-H2-000685,0,,672852,672852,0.9
INV-H2-000686,0,REVIEW_BASIS,3740728,3740728,0.5
INV-H2-000687,0,REVIEW_BASIS|REVIEW_SERVICE,,1489534,0.5
INV-H2-000688,0,REVIEW_SERVICE,,1207211,0.5
INV-H2-000689,1,OVERCHARGE,,3909140,0.95
INV-H2-000690,0,,909493,909493,0.9
INV-H2-000691,1,OVERCHARGE,4187068,4187093,0.95
INV-H2-000692,0,,821160,821160,0.9
INV-H2-000693,1,OVERCHARGE,3684780,3684794,0.95
INV-H2-000694,0,REVIEW_SERVICE,,2961093,0.5
INV-H2-000695,0,REVIEW_SERVICE,,2759671,0.5
INV-H2-000696,1,OVERCHARGE,,2800843,0.95
INV-H2-000697,0,,1724951,1724951,0.9
INV-H2-000698,0,REVIEW_BASIS|REVIEW_SERVICE,,3015120,0.5
INV-H2-000699,0,REVIEW_BASIS|REVIEW_SERVICE,,3875046,0.5
INV-H2-000700,0,REVIEW_BASIS|REVIEW_SERVICE,,3090573,0.5
INV-H2-000701,0,REVIEW_BASIS,3088626,3088626,0.5
INV-H2-000702,0,REVIEW_BASIS|REVIEW_SERVICE,,3507352,0.5
INV-H2-000703,0,REVIEW_SERVICE,,3021465,0.5
INV-H2-000704,0,REVIEW_BASIS|REVIEW_SERVICE,,4648419,0.5
INV-H2-000705,1,OVERCHARGE,,2914273,0.95
INV-H2-000706,0,,2760367,2760367,0.9
INV-H2-000707,0,REVIEW_BASIS,2625702,3032127,0.5
INV-H2-000708,0,REVIEW_BASIS|REVIEW_SERVICE,,742147,0.5
INV-H2-000709,0,REVIEW_SERVICE,,1259718,0.5
INV-H2-000710,1,OVERCHARGE,3941589,3941607,0.95
INV-H2-000711,0,,2541681,2541681,0.9
INV-H2-000712,1,OVERCHARGE,,3060317,0.95
INV-H2-000713,1,OVERCHARGE,2358115,3170981,0.95
INV-H2-000714,0,,4240210,4240210,0.9
INV-H2-000715,1,OVERCHARGE,,3505795,0.95
INV-H2-000716,0,,3793348,3793348,0.9
INV-H2-000717,0,REVIEW_SERVICE,,4142953,0.5
INV-H2-000718,0,,1785111,1785111,0.9
INV-H2-000719,0,,1128563,1128563,0.9
INV-H2-000720,1,OVERCHARGE,2814640,2814649,0.95
INV-H2-000721,0,REVIEW_BASIS|REVIEW_SERVICE,,2779727,0.5
INV-H2-000722,0,REVIEW_SERVICE,,1106765,0.5
INV-H2-000723,1,OVERCHARGE,,2758055,0.95
INV-H2-000724,0,,3191802,3191802,0.9
INV-H2-000725,1,OVERCHARGE,,4558114,0.95
INV-H2-000726,0,REVIEW_BASIS|REVIEW_SERVICE,,2982991,0.5
INV-H2-000727,0,REVIEW_BASIS,11623080,1593236,0.5
INV-H2-000728,0,REVIEW_BASIS,1762947,1762947,0.5
INV-H2-000729,1,OVERCHARGE,,4363911,0.95
INV-H2-000730,0,REVIEW_BASIS,4726970,2461898,0.5
INV-H2-000731,0,REVIEW_BASIS,2391468,2458658,0.5
INV-H2-000732,0,REVIEW_BASIS,2164812,2977662,0.5
INV-H2-000733,0,REVIEW_BASIS|REVIEW_SERVICE,,4753896,0.5
INV-H2-000734,0,,873763,873763,0.9
INV-H2-000735,0,,1282225,1282225,0.9
INV-H2-000736,0,REVIEW_BASIS|REVIEW_SERVICE,,1522600,0.5
INV-H2-000737,0,REVIEW_BASIS|REVIEW_SERVICE,,3394300,0.5
INV-H2-000738,0,REVIEW_SERVICE,,4531429,0.5
INV-H2-000739,0,,1322520,1322520,0.9
INV-H2-000740,0,REVIEW_SERVICE,,1642075,0.5
INV-H2-000741,0,,746350,746350,0.9
INV-H2-000742,0,REVIEW_BASIS,2522037,2587287,0.5
INV-H2-000743,0,,1895777,1843727,0.9
INV-H2-000744,1,LINE_TOTAL_ARITHMETIC|OVERCHARGE,2142767,2170400,0.95
INV-H2-000745,1,OVERCHARGE,,4798801,0.95
INV-H2-000746,0,,1574770,1574770,0.9
INV-H2-000747,0,REVIEW_BASIS,2007602,1537272,0.5
INV-H2-000748,1,OVERCHARGE,,3360182,0.95
INV-H2-000749,1,OVERCHARGE,3319634,3319651,0.95
INV-H2-000750,1,OVERCHARGE,1226273,1253747,0.95
INV-H2-000751,1,OVERCHARGE,1626689,1626705,0.95
INV-H2-000752,1,OVERCHARGE,,1570251,0.95
INV-H2-000753,0,REVIEW_BASIS,3408779,3500129,0.5
INV-H2-000754,0,REVIEW_BASIS,3694781,4507631,0.5
INV-H2-000755,1,OVERCHARGE,,5157305,0.95
INV-H2-000756,0,,3824998,3824998,0.9
INV-H2-000757,0,REVIEW_SERVICE,,1782000,0.5
INV-H2-000758,0,,3991593,3991593,0.9
INV-H2-000759,0,REVIEW_SERVICE,,1371605,0.5
INV-H2-000760,0,,1642789,1642789,0.9
INV-H2-000761,1,OVERCHARGE,2934837,2934858,0.95
INV-H2-000762,0,REVIEW_BASIS|REVIEW_SERVICE,,1232419,0.5
INV-H2-000763,0,REVIEW_SERVICE,,1102120,0.5
INV-H2-000764,0,REVIEW_BASIS,1055245,1062263,0.5
INV-H2-000765,0,,1105935,1105935,0.9
INV-H2-000766,1,OVERCHARGE,4107942,3930652,0.95
INV-H2-000767,1,OVERCHARGE,,2128330,0.95
INV-H2-000768,0,REVIEW_BASIS|REVIEW_SERVICE,,1576763,0.5
INV-H2-000769,1,OVERCHARGE,1143296,1143304,0.95
INV-H2-000771,1,OVERCHARGE,1865319,1932532,0.95
INV-H2-000772,0,REVIEW_BASIS,2176842,2180670,0.5
INV-H2-000773,1,OVERCHARGE,4578307,1935741,0.95
INV-H2-000774,0,REVIEW_SERVICE,,2841782,0.5
INV-H2-000775,1,OVERCHARGE,,3303626,0.95
INV-H2-000776,0,,1497840,1497840,0.9
INV-H2-000777,1,OVERCHARGE,8126750,3599806,0.95
INV-H2-000778,0,REVIEW_BASIS,2368920,2775345,0.5
INV-H2-000779,0,REVIEW_SERVICE,,797743,0.5
INV-H2-000780,0,,1277900,1277900,0.9
INV-H2-000781,1,OVERCHARGE,4206441,4176908,0.95
INV-H2-000782,0,REVIEW_BASIS|REVIEW_SERVICE,,3222420,0.5
INV-H2-000783,1,INVALID_SERVICE_DATE|OVERCHARGE,,2563422,0.95
INV-H2-000784,0,REVIEW_BASIS,738102,741930,0.5
INV-H2-000785,0,REVIEW_BASIS|REVIEW_SERVICE,,4069007,0.5
INV-H2-000786,0,REVIEW_BASIS|REVIEW_SERVICE,,3141003,0.5
INV-H2-000787,1,OVERCHARGE,,3476965,0.95
INV-H2-000788,0,REVIEW_SERVICE,,2383643,0.5
INV-H2-000789,0,REVIEW_BASIS|REVIEW_SERVICE,,3371584,0.5
INV-H2-000790,1,OVERCHARGE,3326919,3125368,0.95
INV-H2-000791,1,OVERCHARGE,,3166917,0.95
INV-H2-000792,1,OVERCHARGE,,3692155,0.95
INV-H2-000793,1,OVERCHARGE,2006775,2006795,0.95
INV-H2-000794,1,OVERCHARGE,,2921087,0.95
INV-H2-000795,0,REVIEW_BASIS,2561353,2561353,0.5
INV-H2-000796,0,REVIEW_BASIS|REVIEW_SERVICE,,1983748,0.5
INV-H2-000797,1,OVERCHARGE,1773526,1773536,0.95
INV-H2-000798,0,REVIEW_SERVICE,,3954108,0.5
INV-H2-000799,0,,3386979,3386979,0.9
INV-H2-000800,1,INVALID_SERVICE_DATE|OVERCHARGE,,3262287,0.95
INV-H2-000801,1,OVERCHARGE,,2168039,0.95
INV-H2-000802,0,REVIEW_BASIS|REVIEW_SERVICE,,4086093,0.5
INV-H2-000803,0,REVIEW_SERVICE,,2794537,0.5
INV-H2-000804,0,REVIEW_BASIS|REVIEW_SERVICE,,3298766,0.5
INV-H2-000805,1,OVERCHARGE,1694899,2101348,0.95
INV-H2-000806,1,OVERCHARGE,3197777,3197789,0.95
INV-H2-000807,0,REVIEW_SERVICE,,2639466,0.5
INV-H2-000808,0,REVIEW_SERVICE,,1851240,0.5
INV-H2-000809,0,,1497767,1497767,0.9
INV-H2-000810,1,OVERCHARGE,,674737,0.95
INV-H2-000811,0,REVIEW_SERVICE,,1367573,0.5
INV-H2-000812,0,REVIEW_BASIS,2097459,2149659,0.5
INV-H2-000813,0,,1259475,1259475,0.9
INV-H2-000814,1,OVERCHARGE,,3908420,0.95
INV-H2-000815,1,OVERCHARGE,2359167,2359169,0.95
INV-H2-000816,0,REVIEW_BASIS,1764664,1899044,0.5
INV-H2-000817,0,REVIEW_BASIS|REVIEW_SERVICE,,3930565,0.5
INV-H2-000818,1,INVALID_CONTRACT,1786734,1786734,0.95
INV-H2-000819,1,OVERCHARGE,,1600542,0.95
INV-H2-000820,0,REVIEW_BASIS,10775532,3602804,0.5
INV-H2-000821,0,,2009157,2009157,0.9
INV-H2-000822,0,,1834615,1834615,0.9
INV-H2-000823,0,REVIEW_SERVICE,,1616874,0.5
INV-H2-000824,0,,1783839,1783839,0.9
INV-H2-000825,1,OVERCHARGE,,2774696,0.95
INV-H2-000826,1,OVERCHARGE,3270576,3270588,0.95
INV-H2-000827,0,REVIEW_BASIS|REVIEW_SERVICE,,2673574,0.5
INV-H2-000828,1,OVERCHARGE,,3828953,0.95
INV-H2-000829,0,,1296475,1296475,0.9
INV-H2-000830,0,REVIEW_SERVICE,,1878566,0.5
INV-H2-000831,0,,1961747,1961747,0.9
INV-H2-000832,0,REVIEW_SERVICE,,2144903,0.5
INV-H2-000833,1,OVERCHARGE,,5204720,0.95
INV-H2-000834,0,,908205,908205,0.9
INV-H2-000835,0,REVIEW_BASIS,814076,814076,0.5
INV-H2-000836,0,REVIEW_SERVICE,,3991765,0.5
INV-H2-000837,1,OVERCHARGE,,2944435,0.95
INV-H2-000838,0,REVIEW_BASIS|REVIEW_SERVICE,,2425388,0.5
INV-H2-000839,0,REVIEW_SERVICE,,1865193,0.5
INV-H2-000840,1,OVERCHARGE,,2749531,0.95
INV-H2-000841,1,OVERCHARGE,2553980,2554005,0.95
INV-H2-000842,0,,753112,753112,0.9
INV-H2-000843,1,INVALID_SERVICE_DATE|LINE_TOTAL_ARITHMETIC|OVERCHARGE,780733,1031048,0.95
INV-H2-000844,1,OVERCHARGE,,2187312,0.95
INV-H2-000845,0,,3594329,3594329,0.9
INV-H2-000846,0,REVIEW_SERVICE,,2680106,0.5
INV-H2-000847,0,REVIEW_SERVICE,,1683145,0.5
INV-H2-000848,0,,2981621,2981621,0.9
INV-H2-000849,1,OVERCHARGE,1543749,1207808,0.95
INV-H2-000850,0,REVIEW_BASIS,1062431,995241,0.5
INV-H2-000851,0,,2787553,2787553,0.9
INV-H2-000852,1,OVERCHARGE,4201079,3860247,0.95
INV-H2-000853,0,REVIEW_SERVICE,,1987980,0.5
INV-H2-000854,0,,2887999,2887999,0.9
INV-H2-000855,1,OVERCHARGE,,4143130,0.95
INV-H2-000856,1,OVERCHARGE,3712549,3712565,0.95
INV-H2-000857,0,,1161300,1161300,0.9
INV-H2-000858,0,REVIEW_BASIS,849748,1256173,0.5
INV-H2-000859,0,REVIEW_SERVICE,,2319384,0.5
INV-H2-000860,0,,881275,881275,0.9
INV-H2-000861,0,REVIEW_SERVICE,,864006,0.5
INV-H2-000862,0,REVIEW_SERVICE,,2616211,0.5
INV-H2-000863,0,,3633341,3633341,0.9
INV-H2-000864,0,REVIEW_BASIS,3392205,3362605,0.5
INV-H2-000865,0,REVIEW_BASIS|REVIEW_SERVICE,,3562260,0.5
INV-H2-000866,0,REVIEW_SERVICE,,4666306,0.5
INV-H2-000867,0,,2488507,2488507,0.9
INV-H2-000868,0,,630595,630595,0.9
INV-H2-000869,0,,3190248,3190248,0.9
INV-H2-000870,0,REVIEW_BASIS,1802208,1802208,0.5
INV-H2-000871,0,REVIEW_BASIS,6653250,990570,0.5
INV-H2-000872,0,REVIEW_BASIS,1679132,1679132,0.5
INV-H2-000873,0,,1664581,1664581,0.9
INV-H2-000874,1,OVERCHARGE,4298243,2410707,0.95
INV-H2-000875,0,,2722964,2722964,0.9
INV-H2-000876,0,REVIEW_BASIS|REVIEW_SERVICE,,1040829,0.5
INV-H2-000877,0,,3481390,3481390,0.9
INV-H2-000878,1,OVERCHARGE,2151658,2151670,0.95
INV-H2-000879,0,REVIEW_SERVICE,,3294671,0.5
INV-H2-000880,0,,1774589,1774589,0.9
INV-H2-000881,0,REVIEW_BASIS|REVIEW_SERVICE,,3902640,0.5
INV-H2-000882,0,,1718401,1718401,0.9
INV-H2-000883,1,OVERCHARGE,1194272,1194295,0.95
INV-H2-000884,1,OVERCHARGE,2560305,2560306,0.95
INV-H2-000885,1,OVERCHARGE,,2899515,0.95
INV-H2-000886,0,REVIEW_BASIS,10876212,2570948,0.5
INV-H2-000887,0,REVIEW_SERVICE,,1055620,0.5
INV-H2-000888,0,REVIEW_BASIS|REVIEW_SERVICE,,1641200,0.5
INV-H2-000889,1,DAILY_CAP_VIOLATION,3971554,3971554,0.95
INV-H2-000890,0,REVIEW_BASIS,3468464,3470378,0.5
INV-H2-000891,1,OVERCHARGE,1422328,1422344,0.95
INV-H2-000892,1,DUPLICATE_SERVICE|OVERCHARGE,,2306705,0.95
INV-H2-000893,0,,1334726,1334726,0.9
INV-H2-000894,0,REVIEW_SERVICE,,2300208,0.5
INV-H2-000895,0,REVIEW_BASIS|REVIEW_SERVICE,,4939046,0.5
INV-H2-000896,1,OVERCHARGE,1684363,1684386,0.95
INV-H2-000897,0,,2935065,2935065,0.9
INV-H2-000898,0,,1230187,1230187,0.9
INV-H2-000899,0,REVIEW_BASIS|REVIEW_SERVICE,,1711521,0.5
INV-H2-000900,1,OVERCHARGE,7368085,2996206,0.95
INV-H2-000901,0,REVIEW_BASIS|REVIEW_SERVICE,,5162873,0.5
INV-H2-000902,0,REVIEW_BASIS,2310553,2716978,0.5
INV-H2-000903,0,REVIEW_BASIS,4016149,2506101,0.5
INV-H2-000904,0,REVIEW_SERVICE,,2339730,0.5
INV-H2-000905,0,REVIEW_BASIS|REVIEW_SERVICE,,2371477,0.5
INV-H2-000906,0,REVIEW_BASIS|REVIEW_SERVICE,,1291819,0.5
INV-H2-000907,0,,796120,796120,0.9
INV-H2-000908,0,REVIEW_SERVICE,,3840632,0.5
INV-H2-000909,0,,1115895,1115895,0.9
INV-H2-000910,1,OVERCHARGE,3941735,3941744,0.95
INV-H2-000911,0,,1279775,1279775,0.9
INV-H2-000912,0,REVIEW_SERVICE,,4148278,0.5
INV-H2-000913,0,REVIEW_BASIS,2740790,2740790,0.5
INV-H2-000914,0,REVIEW_SERVICE,,1607947,0.5
INV-H2-000915,0,REVIEW_BASIS,3380250,3380250,0.5
INV-H2-000916,0,REVIEW_BASIS,3028428,3841278,0.5
INV-H2-000917,0,,1849025,1849025,0.9
INV-H2-000918,1,OVERCHARGE,,1475611,0.95
INV-H2-000919,1,OVERCHARGE,4108868,4108869,0.95
INV-H2-000920,1,OVERCHARGE,3002393,3002415,0.95
INV-H2-000921,1,OVERCHARGE,2915861,3728716,0.95
INV-H2-000922,0,,2658718,2658718,0.9
INV-H2-000923,0,,2188045,2188045,0.9
INV-H2-000924,1,OVERCHARGE,3152486,3217760,0.95
INV-H2-000925,0,REVIEW_BASIS,1782780,1861080,0.5
INV-H2-000926,0,REVIEW_BASIS|REVIEW_SERVICE,,5266190,0.5
INV-H2-000927,0,,1298490,1298490,0.9
INV-H2-000928,0,,2278307,2278307,0.9
INV-H2-000929,0,,977554,977554,0.9
INV-H2-000930,0,REVIEW_BASIS,2200585,2200585,0.5
INV-H2-000931,1,OVERCHARGE,2076475,2076478,0.95
INV-H2-000932,0,REVIEW_BASIS,1668085,1668085,0.5
INV-H2-000933,1,OVERCHARGE,750402,750403,0.95
INV-H2-000934,0,REVIEW_BASIS,900855,1713705,0.5
INV-H2-000935,0,REVIEW_SERVICE,,1467418,0.5
INV-H2-000936,1,OVERCHARGE,3801116,4613985,0.95
INV-H2-000937,1,OVERCHARGE,2959826,2959847,0.95
INV-H2-000938,1,OVERCHARGE,,3526755,0.95
INV-H2-000939,1,OVERCHARGE,,3142154,0.95
INV-H2-000940,0,,2413189,2413189,0.9
INV-H2-000941,0,,1947890,1947890,0.9
INV-H2-000942,0,,961953,961953,0.9
INV-H2-000943,1,OVERCHARGE,5230866,4962117,0.95
INV-H2-000944,0,,1246331,1246331,0.9
INV-H2-000945,0,,1641371,1641371,0.9
INV-H2-000946,1,OVERCHARGE,1772672,1772674,0.95
INV-H2-000947,1,OVERCHARGE,,2794550,0.95
INV-H2-000948,0,REVIEW_BASIS,1433291,1396291,0.5
INV-H2-000949,1,OVERCHARGE,,3418986,0.95
INV-H2-000950,0,REVIEW_SERVICE,,2030127,0.5
INV-H2-000951,0,REVIEW_BASIS|REVIEW_SERVICE,,3584619,0.5
INV-H2-000952,1,OVERCHARGE,3997652,4102060,0.95
INV-H2-000953,1,OVERCHARGE,3157950,3157954,0.95
INV-H2-000954,0,REVIEW_BASIS,2828466,3339291,0.5
INV-H2-000955,1,INVALID_SERVICE_DATE,,1703199,0.95
INV-H2-000956,0,REVIEW_SERVICE,,1170448,0.5
INV-H2-000957,0,,3563324,3563324,0.9
INV-H2-000958,0,,1957650,1957650,0.9
INV-H2-000959,0,,1345550,1345550,0.9
INV-H2-000960,1,OVERCHARGE,,1500075,0.95
INV-H2-000961,0,,1948476,1948476,0.9
INV-H2-000962,0,REVIEW_SERVICE,,3371295,0.5
INV-H2-000963,0,,2661080,2661080,0.9
INV-H2-000964,0,,2271587,2271587,0.9
INV-H2-000965,0,REVIEW_BASIS,8983298,678034,0.5
INV-H2-000966,1,OVERCHARGE,1334054,1334073,0.95
INV-H2-000967,0,,2334120,2334120,0.9
INV-H2-000968,0,REVIEW_SERVICE,,1954872,0.5
INV-H2-000969,1,OVERCHARGE,,2885795,0.95
INV-H2-000970,0,REVIEW_SERVICE,,3271559,0.5
INV-H2-000971,1,OVERCHARGE,2456090,3268943,0.95
INV-H2-000972,1,OVERCHARGE,,3877395,0.95
INV-H2-000973,1,OVERCHARGE,,2523532,0.95
INV-H2-000974,0,REVIEW_BASIS|REVIEW_SERVICE,,3352291,0.5
INV-H2-000975,1,OVERCHARGE,3325543,3325550,0.95
INV-H2-000976,0,REVIEW_BASIS,3944689,4049089,0.5
INV-H2-000977,0,REVIEW_SERVICE,,3996544,0.5
INV-H2-000978,0,REVIEW_BASIS|REVIEW_SERVICE,,380876,0.5
INV-H2-000979,0,REVIEW_SERVICE,,825685,0.5
INV-H2-000980,0,REVIEW_BASIS,3127591,2052881,0.5
INV-H2-000981,0,,2343368,2343368,0.9
INV-H2-000982,1,OVERCHARGE,3876312,3876361,0.95
INV-H2-000983,0,,3185533,3185533,0.9
INV-H2-000984,0,,516810,516810,0.9
INV-H2-000985,0,REVIEW_SERVICE,,3565104,0.5
INV-H2-000986,0,REVIEW_SERVICE,,932430,0.5
INV-H2-000987,0,REVIEW_BASIS,1023672,1026862,0.5
INV-H2-000988,1,OVERCHARGE,,3748700,0.95
INV-H2-000989,1,DAILY_CAP_VIOLATION|OVERCHARGE,2392818,2155933,0.95
INV-H2-000990,0,REVIEW_BASIS|REVIEW_SERVICE,,2687172,0.5
INV-H2-000991,0,REVIEW_BASIS,811530,811530,0.5
INV-H2-000992,0,REVIEW_SERVICE,,2344754,0.5
INV-H2-000993,0,,1695527,1695527,0.9
INV-H2-000994,1,DUPLICATE_SERVICE,1294275,1294275,0.95
INV-H2-000995,1,OVERCHARGE,2573453,2573468,0.95
INV-H2-000996,0,REVIEW_SERVICE,,2108707,0.5
INV-H2-000997,0,REVIEW_SERVICE,,1270700,0.5
INV-H2-000998,0,REVIEW_BASIS,2122945,1965345,0.5
INV-H2-000999,1,OVERCHARGE,4489670,4489680,0.95
INV-H2-001000,0,,3411735,3411735,0.9
INV-H2-001001,1,OVERCHARGE,2346123,2346146,0.95
INV-H2-001002,1,OVERCHARGE,,1763106,0.95
INV-H2-001003,0,,379589,379589,0.9
INV-H2-001004,0,,3103865,3103865,0.9
INV-H2-001005,0,REVIEW_SERVICE,,4211904,0.5
INV-H2-001006,0,,3328351,3328351,0.9
INV-H2-001007,1,OVERCHARGE,,934999,0.95
INV-H2-001008,0,REVIEW_BASIS|REVIEW_SERVICE,,2294556,0.5
INV-H2-001009,0,,3787504,3787504,0.9
INV-H2-001010,0,,786344,786344,0.9
INV-H2-001011,0,,2055812,2055812,0.9
INV-H2-001012,0,REVIEW_SERVICE,,4107401,0.5
INV-H2-001013,1,OVERCHARGE,1383621,1383635,0.95
INV-H2-001014,0,,2527018,2527018,0.9
INV-H2-001015,0,,4880061,4880061,0.9
INV-H2-001016,0,REVIEW_BASIS,2006056,1991256,0.5
INV-H2-001017,1,OVERCHARGE|EXCLUSION_VIOLATION,3670936,3721701,0.95
INV-H2-001018,1,OVERCHARGE,3507073,3507077,0.95
INV-H2-001019,0,REVIEW_BASIS,3305495,3711920,0.5
INV-H2-001020,1,OVERCHARGE,4523773,4523784,0.95
INV-H2-001021,1,OVERCHARGE,3366922,3098186,0.95
INV-H2-001022,0,REVIEW_BASIS,793850,793850,0.5
INV-H2-001023,0,,1275392,1275392,0.9
INV-H2-001024,0,,2254015,2254015,0.9
INV-H2-001025,1,OVERCHARGE,1465412,1871857,0.95
INV-H2-001026,0,REVIEW_SERVICE,,702100,0.5
INV-H2-001027,1,OVERCHARGE,1960216,1960235,0.95
INV-H2-001028,1,INVOICE_TOTAL_MISMATCH,134581,159581,0.95
INV-H2-001029,0,REVIEW_SERVICE,,1860990,0.5
INV-H2-001030,1,INVALID_CONTRACT,,3561932,0.95
INV-H2-001031,0,REVIEW_SERVICE,,4387478,0.5
INV-H2-001032,0,REVIEW_BASIS,3241338,976266,0.5
INV-H2-001033,1,OVERCHARGE,2351745,2351755,0.95
INV-H2-001034,0,REVIEW_BASIS,2664625,2664625,0.5
INV-H2-001036,0,REVIEW_BASIS,2597991,3410841,0.5
INV-H2-001037,0,REVIEW_SERVICE,,3753669,0.5
INV-H2-001038,1,EXCLUSION_VIOLATION,,1530398,0.6
INV-H2-001039,0,REVIEW_BASIS,2253955,2261611,0.5
INV-H2-001040,0,,964376,964376,0.9
INV-H2-001041,1,LINE_TOTAL_ARITHMETIC|OVERCHARGE,,4721224,0.95
INV-H2-001042,1,OVERCHARGE,,1931251,0.95
INV-H2-001043,1,OVERCHARGE,,3911612,0.95
INV-H2-001044,1,INVALID_CONTRACT,1319234,1319234,0.95
INV-H2-001045,1,OVERCHARGE,,3893284,0.95
INV-H2-001046,0,,946553,946553,0.9
INV-H2-001047,0,REVIEW_SERVICE,,1526244,0.5
INV-H2-001048,1,OVERCHARGE,,3651137,0.95
INV-H2-001049,1,OVERCHARGE,,842398,0.95
INV-H2-001050,1,OVERCHARGE,10598646,2848318,0.95
INV-H2-001051,0,,3670705,3670705,0.9
INV-H2-001052,0,REVIEW_BASIS,2863003,3269428,0.5
INV-H2-001053,0,,4283250,4283250,0.9
INV-H2-001054,0,REVIEW_BASIS|REVIEW_SERVICE,,1669538,0.5
INV-H2-001055,0,,2570725,2570725,0.9
INV-H2-001056,0,REVIEW_BASIS|REVIEW_SERVICE,,4458458,0.5
INV-H2-001057,1,OVERCHARGE,1424589,1424605,0.95
INV-H2-001058,0,REVIEW_BASIS|REVIEW_SERVICE,,2281516,0.5
INV-H2-001059,0,,700562,700562,0.9
INV-H2-001060,0,,1741993,1741993,0.9
INV-H2-001061,1,OVERCHARGE,1459908,1466298,0.95
INV-H2-001062,1,OVERCHARGE,3235624,3235647,0.95
INV-H2-001063,0,REVIEW_BASIS,905650,905650,0.5
INV-H2-001064,0,REVIEW_BASIS,2640603,2263091,0.5
INV-H2-001065,0,,1793805,1793805,0.9
INV-H2-001066,1,OVERCHARGE,2585704,2585711,0.95
INV-H2-001067,0,,1750640,1750640,0.9
INV-H2-001068,0,REVIEW_BASIS,1775518,2181943,0.5
INV-H2-001069,0,REVIEW_SERVICE,,905847,0.5
INV-H2-001070,0,REVIEW_SERVICE,,3531763,0.5
INV-H2-001071,0,,1853918,1853918,0.9
INV-H2-001072,1,OVERCHARGE,2379153,2431361,0.95
INV-H2-001073,1,INVOICE_TOTAL_MISMATCH,,3115140,0.95
INV-H2-001074,1,OVERCHARGE,2817670,2666241,0.95
INV-H2-001075,0,,1856660,1856660,0.9
INV-H2-001076,0,,3053262,3053262,0.9
INV-H2-001077,0,REVIEW_BASIS,6087431,2312311,0.5
INV-H2-001078,0,REVIEW_BASIS,3765680,3309778,0.5
INV-H2-001079,0,REVIEW_SERVICE,,3178980,0.5
INV-H2-001080,0,,3904131,3904131,0.9
INV-H2-001081,0,,649333,649333,0.9
INV-H2-001082,0,REVIEW_BASIS,1454970,1454970,0.5
INV-H2-001083,1,OVERCHARGE,,3718784,0.95
INV-H2-001084,0,,1165486,1165486,0.9
INV-H2-001085,1,OVERCHARGE,2098171,2098190,0.95
INV-H2-001086,0,,3300088,3300088,0.9
INV-H2-001087,0,REVIEW_BASIS,1064100,1064100,0.5
INV-H2-001088,0,REVIEW_SERVICE,,2403386,0.5
INV-H2-001089,1,OVERCHARGE,3039061,3054038,0.95
INV-H2-001090,0,REVIEW_BASIS,9948557,5040901,0.5
INV-H2-001091,0,,2834194,2834194,0.9
INV-H2-001092,0,,1713805,1713805,0.9
INV-H2-001093,1,OVERCHARGE,,3647438,0.95
INV-H2-001094,0,,185216,185216,0.9
INV-H2-001095,1,OVERCHARGE,,2758185,0.95
INV-H2-001096,0,,2080320,2080320,0.9
INV-H2-001097,1,OVERCHARGE,,825286,0.95
INV-H2-001098,0,,415220,415220,0.9
INV-H2-001099,0,REVIEW_SERVICE,,740475,0.5
INV-H2-001100,0,REVIEW_BASIS,1496575,1429385,0.5
INV-H2-001101,1,OVERCHARGE,,1998485,0.95
INV-H2-001102,0,REVIEW_SERVICE,,3652067,0.5
INV-H2-001103,0,REVIEW_SERVICE,,2203699,0.5
INV-H2-001104,0,REVIEW_SERVICE,,1764560,0.5
INV-H2-001105,1,OVERCHARGE,1928585,1959400,0.95
INV-H2-001106,0,,2937640,2937640,0.9
INV-H2-001107,0,REVIEW_SERVICE,,1538659,0.5
INV-H2-001108,0,,1799203,1799203,0.9
INV-H2-001109,1,OVERCHARGE,900723,935389,0.95
INV-H2-001110,1,OVERCHARGE,1318618,1318632,0.95
INV-H2-001111,0,REVIEW_BASIS|REVIEW_SERVICE,,3347740,0.5
INV-H2-001112,0,REVIEW_BASIS,2874381,3280806,0.5
INV-H2-001113,0,,1474210,1474210,0.9
INV-H2-001114,0,REVIEW_SERVICE,,2250654,0.5
INV-H2-001115,1,OVERCHARGE,3476442,3882884,0.95
INV-H2-001116,0,,1204505,1204505,0.9
INV-H2-001117,0,REVIEW_BASIS,3366048,3050848,0.5
INV-H2-001118,0,REVIEW_SERVICE,,1394553,0.5
INV-H2-001119,0,,897234,897234,0.9
INV-H2-001120,1,OVERCHARGE,,2324144,0.95
INV-H2-001121,0,REVIEW_SERVICE,,1848810,0.5
INV-H2-001122,1,OVERCHARGE,,1189092,0.95
INV-H2-001123,0,REVIEW_BASIS,948527,1761377,0.5
INV-H2-001124,0,REVIEW_SERVICE,,1047455,0.5
INV-H2-001125,0,,1529979,1529979,0.9
INV-H2-001126,1,OVERCHARGE,,3819014,0.95
INV-H2-001127,0,,1668997,1668997,0.9
INV-H2-001128,0,REVIEW_SERVICE,,3150596,0.5
INV-H2-001129,0,REVIEW_BASIS,758368,623988,0.5
INV-H2-001130,1,OVERCHARGE,,3384668,0.95
INV-H2-001131,0,REVIEW_BASIS|REVIEW_SERVICE,,1634825,0.5
INV-H2-001132,1,OVERCHARGE,,3223295,0.95
